,gdpsh465,bmp1l,freeop,freetar,h65,hm65,hf65,p65,pm65,pf65,s65,sm65,sf65,fert65,mort65,lifee065,gpop1,fert1,mort1,invsh41,geetot1,geerec1,gde1,govwb1,govsh41,gvxdxe41,high65,highm65,highf65,highc65,highcm65,highcf65,human65,humanm65,humanf65,hyr65,hyrm65,hyrf65,no65,nom65,nof65,pinstab1,pop65,worker65,pop1565,pop6565,sec65,secm65,secf65,secc65,seccm65,seccf65,syr65,syrm65,syrf65,teapri65,teasec65,ex1,im1,xr65,tot1,Outcome
0,6.591673732008658,0.2837,0.153491,0.043888,0.007000000000000001,0.013,0.001,0.29,0.37,0.21,0.04,0.060000000000000005,0.02,6.67,0.16,3.6938669956249752,0.0203,6.68,0.165,0.11898,0.0195,0.0176,0.019,0.0931,0.11580000000000001,0.07877,0.12,0.23,0.01,0.09,0.17999999999999997,0.01,0.301,0.568,0.04299999999999999,0.004,0.008,0.0,89.46,79.98,98.61,0.0,12359.0,0.3469,0.4441,0.0275912,0.45000000000000007,0.75,0.17,0.13,0.21,0.04,0.033,0.056999999999999995,0.01,47.599999999999994,17.3,0.0729,0.0667,0.348,-0.014727,-0.024335750836000036
1,6.829793737512425,0.6141,0.313509,0.06182699999999999,0.019,0.032,0.007,0.91,1.0,0.65,0.16,0.22999999999999998,0.09000000000000001,6.97,0.145,3.933784497209659,0.0185,7.114000000000001,0.154,0.12048,0.05559999999999999,0.0369,0.019,0.1589,0.156,0.09999,0.7,1.18,0.2,0.63,1.04,0.20000000000000004,0.706,1.138,0.257,0.027,0.045,0.008,89.1,82.35,96.1,0.02325,4630.0,0.2703,0.4474,0.0356371,3.0,4.74,1.2,1.3599999999999999,2.05,0.64,0.173,0.274,0.067,57.1,18.0,0.094,0.1438,0.525,0.00575,0.100472566898
2,8.895081531754167,0.0,0.204244,0.009186,0.26,0.325,0.201,1.0,1.0,1.0,0.56,0.62,0.51,3.11,0.024,4.273884476054178,0.0188,3.662,0.027,0.23098,0.0465,0.0365,0.04,0.1442,0.1367,0.06,16.67,17.95,15.410000000000002,4.5,5.7,3.31,8.317,8.249,8.384,0.424,0.47300000000000003,0.375,1.4,1.4,1.4,0.0,19678.0,0.3874,0.3175,0.0766846,36.74,33.5,39.95,15.68,13.19,18.14,2.573,2.478,2.667,26.5,20.7,0.1741,0.175,1.082,-0.010039999999999999,0.0670514821999999
3,7.5652752818989315,0.19970000000000002,0.248714,0.03627,0.061,0.07,0.051,1.0,1.0,1.0,0.24,0.22000000000000003,0.31,6.26,0.072,4.168214410788556,0.0345,6.83,0.085,0.12928,0.0375,0.035,0.011,0.1165,0.2018,0.15616,3.1,3.4,2.8,2.11,2.28,1.95,3.833,3.86,3.807,0.104,0.114,0.095,20.6,20.6,20.6,0.0,1482.0,0.3011,0.4671,0.0310391,7.599999999999999,7.499999999999999,7.7,2.76,2.8900000000000006,2.63,0.438,0.453,0.424,27.8,22.7,0.1265,0.1496,6.625,-0.002195,0.06408916618399996
4,7.162397497355718,0.174,0.299252,0.037367,0.017,0.026999999999999996,0.007,0.82,0.85,0.81,0.17,0.15,0.13,6.71,0.12,3.998200701669199,0.031000000000000003,6.816,0.131,0.07932,0.0257,0.0224,0.012,0.09709999999999999,0.169,0.13427,0.67,0.98,0.36,0.45,0.66,0.25,1.8999999999999997,2.084,1.72,0.022,0.033,0.012,58.73,55.559999999999995,61.82,0.2,3006.0,0.3314,0.4561,0.026280799999999997,5.07,5.37,4.78,2.17,2.23,2.11,0.257,0.287,0.22899999999999998,34.5,17.6,0.1211,0.1308,2.5,0.0032830000000000003,0.02792954842399986
5,7.21890970761906,0.0,0.258865,0.02088,0.023,0.038,0.006,0.5,0.55,0.5,0.08,0.10000000000000002,0.07,6.7,0.11200000000000002,3.8897773964808264,0.030299999999999997,6.83,0.119,0.07608,0.0151,0.0156,0.009,0.0713,0.0734,0.04899,0.7,1.09,0.3,0.48,0.74,0.21,1.426,1.6220000000000003,1.227,0.024,0.037,0.01,69.2,64.27,74.2,0.4242,4568.0,0.3105,0.45990000000000003,0.0273643,3.5,3.6,3.4000000000000004,1.02,0.59,1.4599999999999997,0.16,0.174,0.146,34.3,8.1,0.0634,0.0762,1.0,-0.001747,0.046407438559999736
6,7.853604813097838,0.0,0.182525,0.014385,0.039,0.063,0.014,0.92,0.94,0.92,0.17,0.21,0.12,6.719999999999999,0.082,4.087655574071304,0.032,6.743999999999999,0.087,0.17044,0.013899999999999997,0.0134,0.007,0.0615,0.0675,0.0471,1.85,3.1100000000000003,0.66,1.09,1.74,0.46,2.789,3.426,2.182,0.059,0.097,0.022,42.07,34.56,49.23,0.0,44752.0,0.2822,0.46119999999999994,0.0334287,5.28,6.64,3.98,2.42,3.28,1.5900000000000003,0.342,0.48400000000000004,0.207,46.6,14.7,0.0342,0.0428,12.499,0.009092,0.06733234006099997
7,7.7039102096163115,0.2776,0.215275,0.029713,0.024,0.035,0.013,0.69,0.69,0.69,0.14,0.14,0.13,7.19,0.121,3.919991175077323,0.0268,7.302,0.131,0.13006,0.0173,0.0165,0.018,0.0796,0.1137,0.07942,0.6,1.13,0.1,0.41,0.7699999999999999,0.07,2.148,2.21,2.09,0.02,0.03799999999999999,0.003,49.6,49.6,49.6,0.0,1750.0,0.2984,0.48120000000000007,0.0234286,4.3,4.83,3.8000000000000003,1.25,0.85,1.63,0.184,0.219,0.152,34.0,16.1,0.0864,0.0931,7.0,0.01163,0.020977679765999957
8,9.063463176115423,0.0,0.10961400000000002,0.002171,0.4020000000000001,0.488,0.314,1.0,1.0,1.0,0.9,0.9,0.9,2.91,0.025,4.251348311031766,0.014600000000000002,3.448,0.025,0.20156,0.0474,0.0383,0.088,0.1985,0.1842,0.05831,19.18,22.0,16.59,11.6,14.140000000000002,9.27,9.359,9.389,9.332,0.616,0.723,0.517,2.27,2.25,2.29,0.0015850000000000003,194303.0,0.4111,0.2956,0.0947283,46.48,42.06,50.55,22.01,19.07,24.72,3.206,3.154,3.253,28.2,20.6,0.059399999999999994,0.046,1.0,0.008169,0.0335512362999999
9,8.151909872940905,0.1484,0.110885,0.028579,0.145,0.173,0.114,1.0,1.0,1.0,0.28,0.26,0.4,3.07,0.058,4.186619838331271,0.015500000000000002,3.08,0.06,0.25374,0.0236,0.0223,0.021,0.0998,0.0984,0.05517,3.74,5.220000000000001,2.24,2.25,3.06,1.43,5.336,5.549,5.122,0.12000000000000001,0.166,0.074,10.5,9.01,12.01,0.90485,22283.0,0.3906,0.3007,0.0622448,13.07,13.72,12.41,6.19,5.62,6.76,0.703,0.785,0.62,20.3,7.2,0.0524,0.0523,2.119,0.007584,0.03914652307200006
10,6.92951677076365,0.0296,0.165784,0.020115,0.046,0.066,0.025,0.73,0.86,0.63,0.18,0.21,0.14,6.589999999999999,0.16,3.793239469438179,0.0228,6.628000000000001,0.164,0.12702,0.0161,0.0158,0.016,0.0682,0.1386,0.10658,3.69,4.45,2.97,2.51,2.9799999999999995,2.07,3.774,5.054,2.568,0.12400000000000001,0.149,0.101,53.44,34.3,71.48,0.32665,3841.0,0.3367,0.4287,0.0325436,23.21,30.17,16.66,8.29,10.49,6.21,1.316,1.683,0.969,27.8,17.2,0.056,0.0826,11.879,0.086032,0.07612650737000015
11,7.237778191923443,0.2151,0.078488,0.011581,0.022,0.031,0.014,1.0,0.73,0.7199999999999999,0.16,0.17,0.19,5.65,0.10399999999999998,4.044804116661965,0.0299,6.048,0.109,0.2378,0.0179,0.0041,0.017,0.1251,0.1908,0.16935,1.82,2.82,0.83,1.23,1.94,0.53,2.605,2.857,2.356,0.061,0.095,0.027,47.32,43.25,51.34,0.2,84292.0,0.3219,0.4287,0.03164,8.83,9.21,8.46,3.79,3.61,3.96,0.594,0.674,0.515,28.2,14.800000000000002,0.026999999999999996,0.0275,1.938,0.007666,0.12795120890099998
12,8.115819701211327,0.4318,0.137482,0.026547,0.059000000000000004,0.073,0.045,1.0,1.0,1.0,0.34,0.31,0.35,4.78,0.10100000000000002,4.087655574071304,0.023,5.18,0.116,0.3459,0.0335,0.0262,0.023,0.09869999999999998,0.1689,0.11969,2.75,3.8,1.77,1.8699999999999999,2.56,1.23,5.018,5.186,4.864,0.092,0.127,0.060000000000000005,17.22,15.739999999999998,18.58,0.0,8579.0,0.3153,0.3896,0.049423,21.98,20.84,23.03,10.26,9.08,11.359999999999998,1.132,1.126,1.138,52.1,18.8,0.0804,0.093,0.0029999999999999996,0.016968,-0.024326089450000032
13,7.271703706887368,0.1689,0.164598,0.044446,0.029,0.045,0.013,0.84,0.8300000000000001,0.9,0.17,0.18,0.16,6.340000000000001,0.096,4.030694535145645,0.032,6.672,0.106,0.19212,0.025200000000000004,0.023,0.017,0.08099999999999999,0.1104,0.07023,1.2,2.06,0.4,0.82,1.4,0.28,3.001,3.262,2.7590000000000003,0.04,0.069,0.014,27.9,25.42,30.2,0.0,18506.0,0.2947,0.4579,0.0323138,10.5,12.01,9.1,3.8,4.55,3.1000000000000005,0.568,0.695,0.45,35.9,13.099999999999998,0.0617,0.0678,10.479,0.004573,0.07829342495600011
14,7.121252453244542,0.18320000000000003,0.188016,0.045678,0.033,0.051,0.015,0.91,0.94,0.88,0.17,0.19,0.15,6.78,0.11200000000000002,4.02535169073515,0.0299,6.886,0.119,0.23302,0.0181,0.0155,0.021,0.10989999999999998,0.154,0.1179,1.85,2.96,0.77,1.26,2.01,0.54,3.183,3.5,2.876,0.062000000000000006,0.099,0.026,36.33,30.74,41.75,0.3,5162.0,0.3107,0.4505,0.0387447,7.869999999999999,8.14,7.6000000000000005,3.0800000000000005,3.01,3.1600000000000006,0.43999999999999995,0.512,0.369,37.4,12.7,0.0775,0.078,18.476,-0.020322,0.11291154708899986
15,6.977281341630747,0.0962,0.204611,0.077852,0.037,0.043,0.03,1.0,1.0,0.98,0.13,0.13,0.13,6.5600000000000005,0.073,4.169761201506855,0.0255,6.752,0.08,0.06638,0.0145,0.013800000000000002,0.017,0.0712,0.12029999999999999,0.0892,1.56,2.39,0.78,1.24,1.8600000000000003,0.66,3.544,4.009,3.111,0.056,0.085,0.029,22.76,15.22,29.78,0.2495,2051.0,0.3178,0.4582,0.0331546,7.75,9.64,5.99,3.1,3.85,2.4,0.419,0.548,0.299,30.3,7.900000000000001,0.0668,0.0787,125.99,0.028916,0.05230819115000007
16,7.649692623711514,0.022699999999999998,0.136287,0.04673000000000001,0.081,0.105,0.056,0.99,1.0,0.93,0.25,0.34,0.24,6.679999999999999,0.13,3.92395157629342,0.029999999999999995,6.813999999999999,0.136,0.13666,0.0259,0.0245,0.027,0.089,0.1336,0.08204,3.28,4.63,1.95,2.24,3.12,1.36,3.283,4.037,2.536,0.11,0.155,0.066,38.88,25.49,52.14,0.1,11467.0,0.3036,0.4365,0.0348827,10.6,12.58,8.63,4.01,4.51,3.51,0.562,0.699,0.42699999999999994,35.7,14.7,0.0872,0.0938,26.8,0.020228,0.03639089036599974
17,8.056743774975313,0.0208,0.19785299999999997,0.037224,0.083,0.097,0.069,1.0,1.0,1.0,0.44,0.42,0.46,2.84,0.048,4.220977213155467,0.0119,2.88,0.049,0.1064,0.026100000000000005,0.0241,0.014,0.1205,0.1338,0.09596,1.6,1.7,1.5,1.09,1.14,1.04,4.574,4.595,4.553,0.054,0.057,0.051000000000000004,14.099999999999998,13.690000000000001,14.5,0.0,2693.0,0.397,0.2788,0.08354989999999998,14.1,15.129999999999999,13.1,3.1,2.8900000000000006,3.3,0.722,0.765,0.68,36.6,12.599999999999998,0.055700000000000006,0.06239999999999999,0.052,0.013407,0.029738225480000047
18,8.780941113572387,0.2654,0.189867,0.031747,0.068,0.089,0.046,0.94,0.93,0.95,0.27,0.27,0.29,6.12,0.065,4.138361447638875,0.0389,6.394,0.073,0.06816,0.023000000000000003,0.018,0.019,0.1039,0.0649,0.02788,2.04,3.15,0.9099999999999999,1.39,2.13,0.63,2.636,3.037,2.229,0.069,0.10600000000000001,0.031,47.75,42.41,53.17,0.7259,8970.0,0.3014,0.4588999999999999,0.0261984,7.069999999999999,8.26,5.86,2.92,2.8599999999999994,2.99,0.372,0.462,0.281,34.0,20.3,0.3178,0.1583,4.5,-0.024761,-0.0566435791769998
19,6.2878585601617845,0.4207,0.130682,0.109921,0.053,0.039,0.011,0.74,0.69,0.4,0.27,0.55,0.07,6.230000000000001,0.15,3.8110970868381857,0.0228,6.466000000000001,0.158,0.14032,0.024299999999999995,0.021,0.028,0.0828,0.2534,0.20486,0.56,0.8899999999999999,0.2,0.39,0.63,0.13,1.629,2.49,0.708,0.019,0.03,0.007,74.16,60.58,88.69,0.00046,495155.99999999994,0.4259,0.4016,0.0353788,2.63,4.07,1.09,0.99,1.58,0.34,0.142,0.223,0.05500000000000001,35.5,19.1,0.0201,0.0341,4.762,-0.021656,0.019204801999999965
20,6.137727054086234,0.1371,0.123818,0.015897,0.028000000000000004,0.025,0.007,0.72,0.75,0.63,0.12,0.17,0.07,5.51,0.128,3.7864597824528,0.039,5.442,0.134,0.027133,0.025000000000000005,0.0174,0.042,0.0799,0.0355,0.01,0.33,0.58,0.08,0.14,0.25,0.04,1.598,2.284,0.927,0.01,0.017,0.002,67.81,55.27,80.1,0.101675,107041.0,0.3902,0.4117,0.0309508,2.99,4.56,1.45,1.27,1.9899999999999998,0.56,0.148,0.232,0.065,41.3,21.3,0.029800000000000004,0.0297,4.125,-0.054872,0.08520600411199997
21,8.128880142125638,0.0,0.16721,0.0033109999999999997,0.129,0.196,0.063,1.0,1.0,1.0,0.82,0.83,0.83,2.02,0.018,4.252771798816619,0.0099,2.074,0.025,0.30274,0.0413,0.0317,0.01,0.078,0.1255,0.08403,6.26,10.81,2.1,3.91,7.47,0.65,6.882000000000001,7.355,6.449,0.204,0.366,0.055,2.12,0.7,3.41,0.00422,98881.0,0.4935,0.2686,0.0624893,33.84,32.99,34.63,11.2,9.07,13.16,1.7270000000000003,1.91,1.5599999999999998,28.1,23.2,0.056999999999999995,0.060899999999999996,360.0,-0.054874,0.133982213111
22,6.680854678790215,0.4713,0.228424,0.029328000000000003,0.062,0.09,0.032,1.0,1.0,0.97,0.3499999999999999,0.44000000000000006,0.25,4.84,0.06199999999999999,4.037774210733707,0.0276,5.346,0.073,0.09558,0.0436,0.0352,0.051,0.12370000000000002,0.20380000000000004,0.11762,3.6,6.56,0.9000000000000001,2.66,4.85,0.66,4.426,5.81,3.162,0.12499999999999999,0.228,0.031,43.6,31.34,54.8,0.10404,28530.0,0.3438,0.4184,0.0327725,17.5,25.82,9.9,7.76,11.92,3.95,0.974,1.526,0.47,62.4,34.9,0.0206,0.0618,265.69,0.018194,0.17302473839299992
23,7.1770187659099,0.0178,0.18524000000000002,0.015453,0.02,0.026,0.013,0.9,0.96,0.8,0.28,0.34,0.21,6.250000000000001,0.055,4.05871738457895,0.029999999999999995,6.632,0.064,0.16828,0.0332,0.0281,0.02,0.126,0.1409,0.09313,1.46,2.01,0.8900000000000001,1.24,1.7299999999999998,0.72,2.82,3.998,1.5880000000000003,0.054,0.075,0.032,50.57,32.22,69.77,0.0,9502.0,0.34,0.4497,0.0322037,9.39,14.06,4.49,3.99,6.0,1.8900000000000001,0.571,0.843,0.286,26.9,24.1,0.2295,0.199,3.061,-0.034733,0.10969914662200009
24,6.648984550024776,0.4762,0.171181,0.058936999999999996,0.018,0.027999999999999997,0.007,0.4,0.5899999999999999,0.22,0.12,0.18,0.07,7.0,0.149,3.8242840911201395,0.0268,7.132,0.156,0.16442,0.025200000000000004,0.0154,0.026,0.10709999999999999,0.1918,0.1508,1.28,1.8100000000000003,0.7,1.11,1.56,0.6,1.121,1.527,0.67,0.048,0.067,0.026,83.02,77.92,88.68,0.0,57145.0,0.3323,0.4495,0.0361886,4.65,6.650000000000001,2.42,1.74,2.62,0.7600000000000001,0.357,0.512,0.185,39.9,26.9,0.0178,0.0634,4.762,-0.000222,0.015989903570000186
25,6.879355804460439,0.2927,0.179508,0.035842,0.188,0.169,0.208,1.0,1.0,1.0,0.41,0.42,0.38,6.8,0.072,4.0163830207523885,0.0297,6.896,0.076,0.12914,0.026200000000000005,0.0233,0.013,0.0839,0.1503,0.11397,7.74,8.49,7.030000000000001,5.03,5.16,4.91,4.222,4.661,3.802,0.256,0.273,0.23900000000000002,27.72,24.43,30.88,0.0,32029.999999999996,0.3738,0.4616,0.0293475,11.980000000000002,14.45,9.61,5.06,6.5,3.69,0.651,0.759,0.547,31.4,31.200000000000003,0.0695,0.0728,4.017,0.033636,0.06224976607999988
26,7.347299700743164,0.1017,0.247626,0.037392,0.08,0.133,0.027,0.78,1.0,0.52,0.28,0.43,0.12,7.659999999999999,0.114,3.966511190712216,0.031000000000000003,7.4559999999999995,0.125,0.13298,0.034,0.0304,0.075,0.1324,0.082,0.01,0.96,1.64,0.28,0.64,1.11,0.17,1.374,2.2,0.54,0.032,0.055,0.009,72.17,55.01,89.49,0.75,5325.0,0.264,0.46580000000000005,0.0439437,3.07,4.55,1.57,1.5,2.26,0.7199999999999999,0.19500000000000003,0.303,0.085,36.2,21.6,0.086,0.0898,3.177,0.010162,0.10987068852800008
27,6.725033642166843,0.0266,0.179933,0.046376,0.015,0.02,0.01,0.78,0.82,0.76,0.14,0.14,0.1,6.31,0.088,4.018183201256536,0.0302,6.394,0.096,0.13944,0.0209,0.0181,0.025,0.0969,0.1016,0.05862,0.85,1.23,0.49,0.85,1.23,0.49,3.2420000000000004,4.027,2.478,0.034,0.049,0.02,41.96,31.57,52.07,0.0,30641.0,0.5047,0.4525,0.0292092,5.17,7.69,2.73,1.71,2.59,0.86,0.258,0.382,0.137,34.6,16.5,0.0558,0.0613,20.8,-0.018514,0.09210627726400022
28,8.451053388911692,0.0,0.358556,0.016468,0.09,0.133,0.044,1.0,1.0,1.0,0.52,0.52,0.52,2.69,0.028000000000000004,4.242764567340374,0.0058,2.78,0.033,0.21124,0.029899999999999996,0.024799999999999996,0.012,0.1296,0.1684,0.13139,2.81,5.1,0.98,1.59,3.02,0.46,4.002,4.49,3.6150000000000007,0.088,0.162,0.029,1.79,1.76,1.82,0.0,7271.0,0.4473,0.2327,0.1317563,8.32,10.11,6.890000000000001,3.6,4.47,2.91,0.766,1.087,0.51,21.9,15.300000000000002,0.1687,0.1635,26.000000000000004,0.010943,0.08337604137000021
29,8.602453035367061,0.0,0.416234,0.014721,0.148,0.194,0.1,1.0,1.0,1.0,0.75,0.77,0.73,2.61,0.024,4.2612704335380815,0.0071,2.64,0.028,0.23906,0.0507,0.04630000000000001,0.035,0.1271,0.1299,0.04905,4.51,6.35,2.81,3.66,5.540000000000001,1.9300000000000002,7.5920000000000005,7.898,7.311,0.163,0.238,0.095,1.8000000000000003,2.56,1.1,0.0,9464.0,0.3769,0.2357,0.1260566,29.87,31.010000000000005,28.82,12.93,13.769999999999998,12.17,1.5540000000000003,1.724,1.398,20.6,7.2,0.2629,0.2698,49.99999999999999,-0.001521,0.07623345328600006
30,8.619027497297505,0.0,0.293138,0.005517,0.142,0.16,0.122,1.0,1.0,1.0,0.56,0.53,0.59,2.83,0.022,4.26689632742025,0.013,3.8199999999999994,0.026,0.2456,0.028899999999999995,0.0231,0.059000000000000004,0.1567,0.1502,0.0681,2.66,3.97,1.49,1.36,2.25,0.57,4.711,4.823,4.612,0.08,0.124,0.041,1.79,2.57,1.1,0.004295,48758.0,0.4233,0.2558,0.1210878,9.85,9.12,10.51,3.9699999999999998,3.54,4.36,0.699,0.749,0.655,29.5,17.0,0.10990000000000001,0.102,4.937,0.008913,0.08402384142400021
31,8.733755131364893,0.0,0.30472,0.011658,0.088,0.13,0.043,1.0,1.0,1.0,0.45,0.35,0.5500000000000002,2.51,0.024,4.251348311031766,0.0112,2.468,0.029,0.3185,0.029699999999999997,0.0211,0.045,0.1441,0.156,0.08969,2.39,3.3,1.64,1.36,2.07,0.77,7.916,8.196,7.684,0.075,0.107,0.048,0.9000000000000001,1.58,0.33,0.0,59011.99999999999,0.4528,0.2223,0.1192639,15.87,18.65,13.570000000000002,6.87,8.26,5.7299999999999995,0.551,0.67,0.451,27.4,22.8,0.1472,0.1332,4.0,0.035536,0.05294077800999997
32,7.665753431861699,0.007,0.288405,0.011589,0.098,0.134,0.062,1.0,1.0,1.0,0.49,0.62,0.43999999999999995,2.3,0.034,4.254193263163997,0.0053,2.244,0.039,0.27082,0.0164,0.0137,0.041,0.1147,0.1399,0.08498,3.0,4.78,1.41,2.88,4.57,1.38,5.018,5.857,4.276,0.118,0.187,0.056,17.34,6.98,26.49,0.0118,8551.0,0.3975,0.2565,0.0885277,9.59,11.51,7.889999999999999,4.34,4.89,3.8600000000000003,0.598,0.779,0.437,35.6,25.9,0.0712,0.1308,30.0,0.022097000000000002,0.11698963144599994
33,7.998671361015775,0.0,0.345485,0.006503,0.119,0.159,0.075,1.0,1.0,1.0,0.51,0.53,0.43999999999999995,4.03,0.025,4.259859000699674,0.0031,3.908,0.029,0.19378,0.0341,0.028599999999999997,0.014,0.1391,0.153,0.11061,4.5,5.52,3.5,2.55,3.49,1.63,6.449,6.367,6.529,0.141,0.18,0.103,3.9999999999999996,4.0,3.9999999999999996,0.0,2876.0,0.3898,0.3113,0.1119611,26.699999999999996,22.32,31.0,11.56,10.01,13.089999999999998,1.418,1.301,1.533,33.2,14.2,0.21950000000000003,0.2614,0.357,0.004606,0.06785171176600002
34,8.281977058867758,0.0,0.28844,0.005995,0.107,0.14,0.073,1.0,1.0,1.0,0.47,0.53,0.42,2.66,0.036,4.254193263163997,0.007,2.506,0.041,0.29036,0.0365,0.0303,0.032,0.1214,0.16,0.09721,2.47,3.79,1.27,1.4,2.29,0.6,4.83,5.258,4.441,0.078,0.122,0.037,10.32,7.860000000000001,12.56,0.0,52112.0,0.4008,0.2465,0.0996891,15.150000000000002,17.51,13.01,6.15,7.11,5.27,0.96,1.184,0.756,22.099999999999998,12.299999999999999,0.0752,0.0842,625.0,-0.009181,0.07390490591999987
35,8.627123250788433,0.0,0.371898,0.014586000000000002,0.168,0.24299999999999997,0.087,1.0,1.0,1.0,0.61,0.64,0.5500000000000002,3.03,0.014000000000000002,4.297285406218791,0.0136,3.162,0.017,0.27884,0.0531,0.0412,0.044,0.1384,0.1556,0.07081,2.73,4.4,1.14,1.55,2.62,0.53,5.693,6.01,5.391,0.086,0.14,0.033,0.0,0.0,0.0,0.0,12292.0,0.3567,0.286,0.0955906,14.19,15.61,12.840000000000002,4.45,5.05,3.8800000000000003,0.723,0.884,0.57,31.1,19.0,0.2816,0.2827,3.62,0.002372,0.07407064939499985
36,8.733110697638708,0.0,0.287587,0.003998,0.107,0.136,0.075,0.97,1.0,1.0,0.64,0.66,0.66,2.93,0.017,4.300002799195291,0.0078000000000000005,2.904,0.018,0.27975999999999995,0.0461,0.0349,0.034,0.137,0.1599,0.09101,2.36,4.01,0.79,1.05,1.89,0.25,5.863,6.115,5.623,0.068,0.118,0.021,0.79,0.79,0.78,0.0,3723.0,0.4036,0.2517,0.1195273,16.93,17.83,16.07,8.86,8.36,9.33,0.915,1.026,0.81,21.499999999999996,10.6,0.3229,0.3448,7.143,0.007208,0.06583768805500001
37,8.144969417087875,0.0,0.235179,0.009676,0.05600000000000001,0.088,0.025,1.0,1.0,1.0,0.38,0.45999999999999996,0.29,2.94,0.038,4.2612704335380815,0.0102,2.864,0.042,0.16776,0.0117,0.0097,0.02,0.0785,0.0948,0.06461,1.82,2.9,0.88,1.03,1.74,0.4099999999999999,3.851,4.188,3.553,0.057,0.093,0.026,21.23,17.8,24.26,0.0,32056.0,0.3668,0.2767,0.0856314,4.86,6.14,3.73,2.02,2.68,1.4299999999999997,0.439,0.598,0.299,33.7,22.5,0.048,0.0492,59.997,0.009702,0.09485109406399994
38,8.769973211858753,0.0,0.265778,0.008629,0.131,0.15,0.10999999999999999,0.95,0.94,0.97,0.6200000000000001,0.63,0.87,2.39,0.012999999999999998,4.302712827954156,0.0067,2.286,0.015,0.26512,0.0499,0.0412,0.041,0.1661,0.2305,0.14846,7.65,8.15,7.17,4.34,5.36,3.35,7.616,7.919999999999999,7.3229999999999995,0.24000000000000002,0.27,0.21,0.73,1.1,0.38,0.0,7734.0,0.45160000000000006,0.2137,0.1265839,34.07,35.98,32.22,21.670000000000005,24.46,18.98,2.425,2.629,2.228,20.2,12.1,0.2064,0.2053,5.173000000000001,-0.000185,0.05270536148700011
39,8.632127729508337,0.0,0.282939,0.005048,0.12,0.167,0.07,0.92,0.9699999999999999,1.0,0.66,0.66,0.65,2.86,0.02,4.264087336809195,0.0068,2.828,0.022,0.1852,0.0451,0.0345,0.063,0.1638,0.2211,0.12382,2.53,3.82,1.38,1.43,2.32,0.65,7.271999999999999,7.234,7.306,0.079,0.12299999999999998,0.041,0.0,0.0,0.0,0.0,54350.0,0.45810000000000006,0.2373,0.120092,26.98,23.91,29.71,4.54,2.99,5.91,1.097,1.036,1.151,23.1,15.0,0.1518,0.1576,0.357,0.011117,0.04718048256200014
40,8.718990524710849,0.0,0.150366,0.024377,0.146,0.181,0.108,1.0,1.0,1.0,0.75,0.75,0.53,3.7300000000000004,0.02,4.26549281841793,0.0204,3.9880000000000004,0.021,0.22554,0.0332,0.025600000000000005,0.019,0.111,0.2083,0.16392,4.9,6.96,2.9,1.89,2.73,1.07,9.54,9.702,9.383,0.136,0.194,0.079,0.9000000000000001,0.9,0.9,0.0,2628.0,0.3746,0.323,0.0814307,54.3,52.65,55.9,23.51,23.430000000000003,23.6,2.19,2.25,2.132,28.0,19.7,0.1694,0.1688,0.7189999999999999,0.02292,0.03902416481000004
41,7.360739903058277,0.4181,0.218471,0.027087,0.032,0.038,0.012,0.9299999999999999,1.0,0.75,0.2,0.24999999999999997,0.14,7.26,0.12,4.007333185232471,0.0306,7.368,0.161,0.2456,0.0567,0.0394,0.02,0.1443,0.1465,0.08737,0.64,1.11,0.22999999999999998,0.42,0.75,0.14,1.11,1.792,0.52,0.021,0.037,0.007,78.73,65.87,89.87,0.0,16018.0,0.2156,0.474,0.0418279,2.7,4.28,1.34,1.38,2.26,0.62,0.168,0.276,0.074,40.9,25.9,0.1905,0.22570000000000004,3.9490000000000003,0.205768,0.01677520982300007
42,6.628041376179533,0.0,0.197079,0.045704,0.013,0.019,0.004,0.97,1.0,0.87,0.13,0.18,0.08,6.3,0.114,3.94158180766969,0.0268,5.988,0.154,0.11812,0.0338,0.0302,0.018,0.1179,0.1884,0.13981,0.3,0.51,0.1,0.2,0.34,0.07,1.246,1.9609999999999999,0.58,0.01,0.017,0.003,75.8,63.26,87.5,0.0,7520.0,0.4502999999999999,0.4182,0.0352394,4.4,7.3999999999999995,1.5999999999999999,1.22,2.03,0.46,0.23300000000000004,0.393,0.085,50.4,29.9,0.1079,0.1158,222.42,-0.045027,0.06004608620899998
43,6.659293919683638,0.6114,0.184067,0.018212,0.135,0.188,0.084,0.71,0.89,0.57,0.43,0.56,0.3,5.38,0.132,3.992680908445601,0.0187,5.63,0.175,0.127,0.0535,0.0489,0.251,0.2527,0.2581,0.01,3.4,5.54,1.3,2.99,4.96,1.05,1.32,2.027,0.626,0.128,0.21,0.047,86.3,79.59,92.9,0.102815,36289.0,0.2805,0.4066,0.04235439999999999,5.7,8.35,3.0999999999999996,2.78,4.15,1.4299999999999997,0.458,0.707,0.214,34.8,26.699999999999996,0.098,0.1423,0.456,0.030115,0.06662943298500013
44,6.20455776256869,0.3723000000000001,0.2037,0.05809099999999999,0.011,0.018,0.003,0.71,0.8,0.61,0.37,0.45,0.27,6.5600000000000005,0.10399999999999998,3.92395157629342,0.0265,6.636000000000001,0.126,0.07918,0.0439,0.0381,0.016,0.1231,0.1157,0.06165,0.48,0.86,0.11999999999999998,0.38,0.68,0.09,2.08,3.074,1.137,0.017,0.031,0.004,74.46,65.32,83.14,0.1,9831.0,0.3935,0.4618,0.0273624,15.3,23.58,7.440000000000001,2.61,4.41,0.91,0.755,1.189,0.344,30.0,22.1,0.1197,0.11959999999999998,1.15,-0.019217,-0.06399293234400005
45,6.401917196727186,0.2994,0.166825,0.040529,0.008,0.017,0.003,0.95,1.0,0.91,0.13,0.17,0.09000000000000001,8.0,0.092,3.960813169597578,0.0356,7.999999999999999,0.118,0.21416,0.04859999999999999,0.044700000000000004,0.014,0.1707,0.2338,0.17516,0.39,0.5,0.29,0.31,0.4,0.21,1.428,2.08,0.7940000000000002,0.014,0.018,0.01,71.46,59.059999999999995,83.5,0.0,13741.0,0.4307,0.5158,0.0370424,2.05,2.61,1.5000000000000002,0.57,1.03,0.11,0.117,0.155,0.079,33.4,24.8,0.1254,0.1405,7.343,0.01884,-0.0030204007899999885
46,6.013715156042802,0.2476,0.19252,0.02199,0.005,0.005,0.001,0.56,0.68,0.44,0.04,0.05000000000000001,0.02,7.659999999999999,0.183,3.7376696182833684,0.0298,7.732,0.204,0.17414,0.0343,0.0283,0.007,0.1454,0.2622,0.22735,0.2,0.31,0.1,0.2,0.31,0.10000000000000002,2.19,3.071,1.3979999999999997,0.008,0.012,0.004,55.4,40.49,68.8,0.0,5244.0,0.46120000000000005,0.46560000000000007,0.021548399999999995,2.5,4.28,0.8999999999999999,1.0,1.67,0.4,0.097,0.164,0.037,40.6,17.9,0.0837,0.1246,0.864,-0.008417,0.04547335482799997
47,5.857933154483459,0.23900000000000002,0.242796,0.058796,0.003,0.005,0.0,0.56,0.63,0.56,0.02,0.030000000000000002,0.01,7.96,0.14,3.8066624897703196,0.033,7.888,0.143,0.0656,0.026499999999999996,0.0282,0.02,0.1053,0.1266,0.07796,0.3,0.5,0.11,0.26,0.46,0.08,0.7479999999999999,1.277,0.246,0.011,0.018999999999999996,0.004,84.35,72.34,95.73,0.1,4384.0,0.526,0.47530000000000006,0.0241788,2.07,2.8,1.39,0.57,0.7599999999999999,0.4,0.097,0.137,0.06,50.1,16.0,0.0276,0.0424,92.84,-0.057095,0.031129837040999808
48,6.4692503167957724,0.5388,0.153491,0.043888,0.015,0.025,0.005,0.47,0.5899999999999999,0.34,0.14,0.18,0.07,6.67,0.137,3.7864597824528,0.028899999999999995,6.68,0.165,0.12504,0.05059999999999999,0.04630000000000001,0.04,0.1851,0.26,0.17351,0.43,0.7900000000000001,0.08,0.34,0.62,0.05999999999999999,0.48100000000000004,0.8300000000000001,0.144,0.015000000000000001,0.028,0.003,85.8,75.93,95.35,0.507,16012.0,0.3332,0.4466,0.0271047,1.23,1.89,0.59,0.33999999999999997,0.6,0.08999999999999998,0.097,0.163,0.034,36.6,21.4,0.0692,0.0748,0.348,0.035226,-0.048712429945000024
49,5.762051382780177,0.6005,0.151848,0.0241,0.002,0.004,0.0,0.53,0.68,0.44,0.03,0.05000000000000001,0.02,6.420000000000001,0.127,3.858622228701031,0.0331,6.36,0.143,0.22562,0.0368,0.0312,0.037,0.1333,0.3376,0.26957,1.82,2.73,0.98,1.43,2.17,0.73,1.946,2.726,1.22,0.065,0.098,0.034,62.65,49.38,75.0,0.0069,15899.999999999998,0.5183,0.47759999999999997,0.0231447,1.43,2.26,0.65,0.16999999999999998,0.15,0.19000000000000003,0.17,0.257,0.088,53.5,19.3,0.1484,0.1864,7.367,0.007548,0.024477352729999957
50,7.321849713788356,0.1432,0.313509,0.06182699999999999,0.042,0.064,0.021,0.97,1.0,0.78,0.21,0.28,0.15,5.86,0.10100000000000002,4.065602093356446,0.018,6.172,0.154,0.11708,0.057199999999999994,0.0516,0.014,0.1509,0.1548,0.08933,1.2,1.89,0.5,1.08,1.65,0.5,1.25,1.858,0.633,0.046,0.071,0.02,82.7,74.71,90.8,0.0,5611.0,0.2835,0.4405,0.0351096,6.400000000000001,9.56,3.1999999999999997,3.19,4.68,1.69,0.36,0.54,0.17699999999999996,40.0,23.0,0.1345,0.1436,0.402,0.154551,0.0906774571679998
51,6.78332520060396,0.5539,0.157541,0.026475,0.021,0.035,0.006,0.97,1.0,0.86,0.15,0.20000000000000004,0.1,6.75,0.096,3.8815637979434374,0.0306,6.727999999999999,0.129,0.4755,0.0523,0.04069999999999999,0.035,0.20610000000000003,0.3859,0.31046,0.52,0.75,0.31,0.41,0.59,0.23,2.559,3.37,1.796,0.019,0.027,0.011,59.18999999999999,48.89,68.89,0.0,4841.0,0.3454,0.4648999999999999,0.0258211,6.67,8.3,5.13,2.33,2.15,2.5,0.345,0.42,0.274,48.199999999999996,22.8,0.3105,0.2543,0.643,-0.156878,-0.019161499071999932
52,9.224933374279082,0.0,0.204244,0.009186,0.393,0.43300000000000005,0.35300000000000004,0.99,0.99,0.99,0.91,0.91,0.92,1.82,0.014000000000000002,4.29592393562047,0.0125,2.022,0.027,0.23558,0.077,0.0666,0.021,0.1831,0.1422,0.05455,30.9,33.4,28.5,8.34,10.65,6.129999999999999,9.497,9.578,9.419,0.785,0.881,0.693,1.8000000000000003,1.7,1.9,0.0094,22727.0,0.44749999999999995,0.2608,0.085361,36.6,33.68,39.4,14.09,11.6,16.48,3.3750000000000004,3.363,3.386,20.5,17.9,0.2558,0.24120000000000003,1.017,0.018636,0.05075726029999972
53,7.880804344674902,0.2927,0.248714,0.03627,0.177,0.172,0.14,1.0,1.0,1.0,0.42,0.49999999999999994,0.45,3.94,0.038,4.235554730773624,0.0261,4.384,0.085,0.157,0.0511,0.0482,0.005,0.1381,0.2089,0.15542,5.8,6.199999999999999,5.4,3.95,4.14,3.76,4.48,4.547,4.413,0.195,0.207,0.183,16.1,16.2,15.999999999999998,0.0,1968.0000000000002,0.3264,0.4211,0.0340447,11.2,11.4,11.0,4.9,5.3,4.5,0.724,0.758,0.6899999999999998,29.1,22.6,0.1526,0.1976,8.57,-0.030185,0.00040797172399997805
54,7.301147805856032,0.1621,0.299252,0.037367,0.078,0.104,0.054,0.75,0.76,0.74,0.19,0.20000000000000004,0.17,5.86,0.088,4.060443010546419,0.0259,6.114,0.131,0.08024,0.0322,0.0284,0.013,0.1058,0.1795,0.13836,1.37,1.68,1.07,0.93,1.13,0.74,2.729,3.004,2.463,0.046,0.056,0.036,43.42,38.2,48.45,0.1,4085.0000000000005,0.3353,0.4564,0.0288862,7.590000000000001,8.1,7.089999999999999,3.18,2.8699999999999997,3.4699999999999998,0.405,0.42999999999999994,0.38099999999999995,53.29999999999999,18.0,0.1148,0.12440000000000001,2.5,-0.007018,-0.015680490412000037
55,7.448333860897477,0.0,0.258865,0.02088,0.043,0.064,0.019,0.61,0.67,0.56,0.12,0.12000000000000001,0.10999999999999999,6.420000000000001,0.087,4.0163830207523885,0.0276,6.472,0.119,0.09096,0.0191,0.0158,0.01,0.0709,0.0706,0.045,1.2,1.89,0.5,0.82,1.28,0.35,1.885,2.211,1.5550000000000002,0.04,0.063,0.017,60.06,53.3,66.91,0.345,6023.0,0.2934,0.4588999999999999,0.0280591,4.9,5.0,4.8,1.43,0.8,2.06,0.236,0.261,0.21,34.6,16.6,0.0855,0.0881,1.0,-0.017594,-0.018356538519999965
56,7.737616282857904,0.2231,0.324171,0.03266,0.067,0.077,0.057,0.97,0.9699999999999999,0.98,0.58,0.53,0.62,4.53,0.029,4.22683374526818,0.0178,5.15,0.055,0.24192,0.05040000000000001,0.0424,0.005,0.144,0.1461,0.0987,1.65,1.99,1.36,1.12,1.33,0.94,3.4130000000000003,3.356,3.463,0.056,0.066,0.046,6.11,7.26,5.1,0.0,2012.9999999999998,0.4014,0.4357,0.058122200000000006,13.759999999999998,12.980000000000002,14.44,4.0,1.51,6.19,0.7370000000000001,0.646,0.817,32.3,33.4,0.23510000000000003,0.291,0.909,0.099879,-0.02563938231499996
57,8.184792654165078,0.0,0.182525,0.014385,0.10500000000000001,0.138,0.04,1.0,1.0,1.0,0.34,0.4000000000000001,0.28,5.48,0.064,4.163559631243574,0.032,6.23,0.087,0.20184,0.023800000000000005,0.0201,0.007,0.0751,0.0789,0.05173,3.56,6.139999999999999,1.1,2.09,3.47,0.7599999999999999,3.47,4.174,2.8,0.113,0.192,0.037,34.77,33.87,35.63,0.001715,61918.00000000001,0.29,0.4567,0.0339966,8.13,11.26,5.15,2.69,2.9600000000000004,2.43,0.538,0.7950000000000002,0.293,44.5,17.3,0.0335,0.0444,12.499999999999998,0.077787,0.01425604689499993
58,7.8083230503910555,0.1756,0.215275,0.029713,0.083,0.11199999999999999,0.058,0.82,0.8300000000000001,0.88,0.24,0.24000000000000002,0.25,6.470000000000001,0.096,4.019980146933238,0.032,6.71,0.131,0.16764,0.0236,0.020900000000000002,0.014999999999999998,0.0891,0.0968,0.06064,1.96,2.98,1.0,1.34,2.01,0.7,2.359,2.463,2.26,0.066,0.1,0.034,49.7,50.24,49.19,0.0,2408.0,0.2965,0.47880000000000006,0.0236711,5.19,5.29,5.1,1.51,0.8,2.19,0.284,0.324,0.247,38.7,34.7,0.1006,0.11679999999999999,7.03,-0.044204,0.011897287528999989
59,9.229848838364227,0.0,0.10961400000000002,0.002171,0.573,0.635,0.527,1.0,1.0,1.0,0.91,0.9199999999999999,0.9,1.77,0.016,4.28496492183075,0.0104,2.096,0.025,0.21736,0.0637,0.0567,0.067,0.208,0.1636,0.03948,25.83,29.18,22.85,15.63,18.83,12.77,10.771,10.913,10.644,0.829,0.96,0.712,1.43,1.27,1.57,0.000468,215972.0,0.4533,0.2523,0.1050877,54.620000000000005,51.26,57.62,34.09,31.27,36.61,4.211,4.227,4.198,19.9,18.6,0.0783,0.0703,1.0,-0.039824,0.03417243160000005
60,8.346167594364134,0.3199,0.110885,0.028579,0.272,0.289,0.272,1.0,1.0,1.0,0.54,0.51,0.59,3.2800000000000002,0.044,4.220977213155467,0.0167,3.156,0.06,0.2783,0.024299999999999995,0.0224,0.017,0.1114,0.0756,0.03655,5.21,6.42,4.04,3.14,3.7200000000000006,2.58,6.024,6.037,6.011999999999999,0.167,0.203,0.132,7.58,6.780000000000001,8.36,0.6065,26052.0,0.3765,0.2968,0.076117,16.74,16.51,16.97,7.81,5.99,9.58,0.919,0.936,0.902,18.2,7.7,0.0625,0.057800000000000004,36.603,0.014286,-0.034045388783999986
61,7.3031700512368,0.3133,0.165784,0.020115,0.11200000000000002,0.132,0.065,0.85,0.9699999999999999,0.77,0.31000000000000005,0.35,0.26,6.430000000000001,0.143,3.86911550441687,0.0247,6.494,0.164,0.15808,0.041,0.0359,0.016,0.0977,0.1828,0.13084,5.0,6.81,3.3,3.4,4.59,2.3,3.745,4.811,2.745,0.168,0.228,0.112,48.6,34.11,62.2,1.0685,4894.0,0.3203,0.4324,0.0331018,17.9,22.27,13.8,7.1,8.7,5.599999999999999,1.158,1.473,0.8620000000000001,22.7,18.2,0.1071,0.1028,20.0,0.111198,-0.03380634569499996
62,7.859026979751538,0.1222,0.078488,0.011581,0.107,0.103,0.092,0.88,0.89,0.87,0.26,0.24999999999999997,0.29,4.41,0.084,4.110873864173311,0.0239,4.712,0.109,0.25882,0.0293,0.0211,0.02,0.1066,0.147,0.10632,4.3,5.42,3.2,2.91,3.79,2.03,2.78,2.981,2.583,0.144,0.184,0.105,32.7,29.35,36.0,0.0,108032.0,0.3458,0.3991,0.0369613,5.7,5.4,6.000000000000001,2.24,1.67,2.7999999999999994,0.596,0.645,0.548,21.7,14.4,0.0357,0.0466,8.127,0.006002,0.06991488148700009
63,7.9983353959529815,1.6378000000000001,0.137482,0.026547,0.156,0.181,0.15,1.0,1.0,1.0,0.48,0.45,0.52,3.1900000000000004,0.05600000000000001,4.185098925490565,0.0171,3.6380000000000003,0.116,0.30272,0.0473,0.042699999999999995,0.031,0.1461,0.1966,0.12325,5.21,6.72,3.8399999999999994,3.55,4.51,2.67,5.554,5.592,5.52,0.175,0.225,0.13,11.07,10.69,11.41,0.251,10350.0,0.3223,0.3529,0.0536232,23.78,20.52,26.770000000000003,10.42,6.8,13.74,1.339,1.222,1.4449999999999998,34.8,15.2,0.0783,0.0847,4.9110000000000005,-0.127025,-0.08172559770699994
64,7.6558640176160555,0.1345,0.164598,0.044446,0.08,0.097,0.058,1.0,1.0,1.0,0.39,0.39,0.39,4.0,0.066,4.110873864173311,0.02,4.778,0.106,0.18472,0.032,0.0145,0.014,0.0957,0.11769999999999999,0.08913,3.3,4.9,1.8000000000000003,2.25,3.31,1.25,3.975,4.193,3.77,0.111,0.164,0.061000000000000006,22.4,21.02,23.7,0.0,23991.0,0.3002,0.4226,0.0348881,18.4,18.29,18.5,7.1,5.89,8.25,1.076,1.143,1.013,32.1,19.4,0.0525,0.0572,30.929,-0.004592,0.04601005189999996
65,7.675081857716334,0.0898,0.188016,0.045678,0.269,0.338,0.2,1.0,1.0,1.0,0.4,0.4000000000000001,0.34,5.65,0.087,4.100989104940769,0.0301,6.05,0.119,0.2551,0.037,0.0309,0.02,0.1084,0.12499999999999999,0.07408,3.2,4.73,1.7,2.18,3.19,1.18,3.9870000000000005,4.296,3.684,0.108,0.158,0.058,31.899999999999995,26.910000000000004,36.8,0.3,7035.0,0.3041,0.443,0.0363895,11.2,10.59,11.8,5.3,4.79,5.799999999999999,0.687,0.745,0.63,37.5,16.4,0.0906,0.0959,24.999999999999996,0.191066,0.066598093681
66,7.83002808253384,0.488,0.136287,0.04673000000000001,0.146,0.193,0.094,1.0,1.0,1.0,0.46,0.27,0.4,5.28,0.107,4.032469158504013,0.0278,5.718,0.136,0.12182,0.0348,0.0328,0.036,0.1244,0.1429,0.07451,6.69,8.64,4.76,4.55,5.81,3.31,4.363,5.149,3.585,0.225,0.289,0.161,30.32,18.4,42.12,0.0,15161.0,0.3006,0.4286,0.0354198,15.840000000000002,18.17,13.53,7.02,7.619999999999999,6.42,0.95,1.129,0.772,39.1,23.8,0.0764,0.0866,40.5,-0.007018,-0.011384238190000118
67,8.498621805830801,0.001,0.189867,0.031747,0.181,0.19,0.159,0.97,0.9699999999999999,0.97,0.43,0.4000000000000001,0.45,4.65,0.045,4.206184043977636,0.0355,5.014,0.073,0.09458000000000001,0.0418,0.039599999999999996,0.018,0.111,0.0911,0.03393,4.68,6.159999999999999,3.2,3.19,4.15,2.23,3.77,4.048,3.491,0.157,0.206,0.109,36.02,32.95,39.1,0.0,12665.0,0.308,0.4331,0.0307935,14.82,14.999999999999998,14.65,6.1000000000000005,4.58,7.63,0.801,0.85,0.7520000000000001,30.2,16.8,0.2131,0.1437,4.285,0.168536,-0.1009898962439999
68,6.2166061010848646,0.7557,0.214345,0.073495,0.023,0.051,0.006,0.73,0.94,0.5,0.26,0.38,0.10999999999999999,6.589999999999999,0.138,3.828641396489095,0.0277,6.922,0.151,0.04986,0.0182,0.0123,0.006,0.074,0.082,0.0637,0.9,1.61,0.1,0.63,1.13,0.07,1.021,1.671,0.293,0.031000000000000003,0.055,0.003,82.3,72.75,93.0,0.002235,76582.0,0.2964,0.4571,0.0359876,6.8999999999999995,11.81,1.4,2.58,4.5,0.44,0.282,0.48800000000000004,0.051,50.60000000000001,21.8,0.0232,0.0407,8.876,-0.084064,0.054750873784999765
69,8.414495793177895,0.0,0.37432800000000005,0.0,0.101,0.147,0.053000000000000005,1.0,1.0,1.0,0.49,0.71,0.47,2.54,0.015,4.2710950739666,0.0202,2.934,0.035,0.17298,0.0245,0.0216,0.005,0.0703,0.0464,0.02022,3.8,5.53,2.0,2.17,3.3500000000000005,0.94,5.617,7.045,4.128,0.119,0.178,0.059000000000000004,28.5,12.949999999999998,44.7,0.0,4396.0,0.4680000000000001,0.3074,0.0539126,25.4,32.02,18.5,15.499999999999998,19.05,11.8,1.8459999999999999,2.369,1.301,31.1,24.3,0.5958,0.5819,4.9350000000000005,0.021807999999999998,0.094618167985
70,6.3835066348840055,0.3556000000000001,0.130682,0.109921,0.086,0.13,0.042,0.79,0.76,0.6,0.26,0.39,0.16,5.35,0.13,3.919991175077323,0.0227,5.596,0.158,0.17414,0.0244,0.0263,0.032,0.0942,0.1876,0.12953,2.01,3.31,0.65,1.41,2.33,0.42999999999999994,2.405,3.667,1.07,0.068,0.113,0.022,69.98,55.48,85.31,0.100366,620701.0,0.3973,0.394,0.0382616,7.88,12.340000000000002,3.16,2.95,4.8,1.0,0.44600000000000006,0.713,0.163,42.3,19.8,0.0188,0.0222,8.653,-0.012443,0.045715287679999994
71,8.782322859397507,0.0,0.16721,0.0033109999999999997,0.246,0.331,0.16,0.99,1.0,0.99,0.91,0.95,0.92,1.9100000000000001,0.01,4.308110951723713,0.014,2.124,0.025,0.40786,0.0448,0.0318,0.008,0.0818,0.0847,0.04449,7.33,12.479999999999999,2.57,4.58,8.67,0.8000000000000002,7.291,7.7,6.912,0.238,0.423,0.067,0.76,0.29,1.19,0.000945,111524.0,0.4925999999999999,0.238,0.0788171,38.1,35.75,40.26,12.86,9.99,15.520000000000001,1.969,2.121,1.828,25.300000000000004,17.5,0.1032,0.0958,296.8,-0.05709399999999999,0.06549110582299988
72,7.251344983372214,0.0516,0.263813,0.045225,0.09,0.053,0.03,0.88,0.88,0.77,0.5,0.48000000000000004,0.35,7.540000000000001,0.072,4.08260930600368,0.0246,7.87,0.124,0.13974,0.0474,0.0399,0.169,0.35230000000000006,0.3266,0.11793,1.24,1.77,0.69,0.76,1.25,0.25,2.759,3.7570000000000006,1.7180000000000002,0.04,0.06,0.019,61.89999999999999,51.47,72.78,0.5715,2600.0,0.2359,0.4759,0.0284615,16.97,25.2,8.4,7.79,11.42,4.0,0.817,1.205,0.41300000000000003,34.7,21.1,0.073,0.2227,0.32,0.128443,0.02124651285599999
73,7.511524648390866,0.1053,0.228424,0.029328000000000003,0.103,0.139,0.054,1.0,1.0,1.0,0.56,0.67,0.48,3.51,0.04,4.157319361383489,0.02,4.014,0.073,0.23582,0.0414,0.0269,0.041,0.0948,0.1541,0.0858,6.9,11.4,2.6,5.11,8.44,1.9099999999999997,5.929,7.308000000000001,4.611,0.24000000000000002,0.3970000000000001,0.09,25.2,16.52,33.5,0.20289,35281.0,0.3674,0.3781,0.0360817,28.7,36.96,20.8,14.16,19.2,9.33,1.7,2.369,1.06,51.699999999999996,37.1,0.0903,0.12289999999999998,484.0,0.007257,0.14144547956800002
74,7.713784616598756,0.005,0.18524000000000002,0.015453,0.031,0.042,0.016,0.91,0.95,0.89,0.42,0.48000000000000004,0.39,4.56,0.037,4.165113633110308,0.0243,5.126,0.064,0.23578,0.043,0.038900000000000004,0.04,0.16650000000000004,0.1475,0.06855,1.48,1.94,1.02,1.26,1.67,0.8300000000000001,4.042,5.179,2.874,0.055,0.072,0.037,35.76,24.940000000000005,46.87,0.0,12258.0,0.3622,0.4211,0.0372818,15.199999999999998,21.84,8.39,7.28,10.13,4.35,0.891,1.255,0.517,31.8,27.3,0.1922,0.1821,2.402,0.030424,0.09681622767400011
75,6.728628613084702,0.619,0.171181,0.058936999999999996,0.019,0.026999999999999996,0.009,0.46,0.69,0.28,0.15,0.22000000000000003,0.07,7.0,0.134,3.9219733362813143,0.0317,7.024,0.156,0.10832,0.0177,0.0123,0.056,0.1079,0.171,0.10304,3.23,5.03,1.28,2.79,4.34,1.11,1.693,2.62,0.693,0.12000000000000001,0.187,0.048,79.58,68.62,91.42,0.304645,74734.0,0.3121,0.4532,0.0296385,7.71,11.89,3.2100000000000004,2.89,4.63,1.01,0.67,1.039,0.271,40.1,18.0,0.0281,0.0459,9.9,-0.012137,0.04053420472999991
76,7.186144304522325,0.076,0.179508,0.035842,0.184,0.173,0.217,1.0,1.0,1.0,0.54,0.55,0.5,5.46,0.058,4.079230924412053,0.0276,6.08,0.076,0.14672,0.0205,0.019899999999999998,0.016,0.0874,0.1728,0.13686,11.9,12.5,11.3,7.73,7.57,7.900000000000001,5.412,5.646,5.181,0.393,0.401,0.384,14.099999999999998,12.290000000000001,15.9,0.11769999999999999,42565.0,0.3602,0.437,0.027041,16.4,18.92,13.9,6.93,8.54,5.34,0.943,1.049,0.837,28.999999999999996,31.5,0.0703,0.0716,7.248,0.00964,0.01058841143999989
77,8.326032685955079,0.005,0.321658,0.005106,0.09,0.109,0.075,1.0,1.0,1.0,0.52,0.52,0.53,2.08,0.014000000000000002,4.244200317766478,0.0173,2.868,0.031,0.41754,0.027799999999999995,0.0262,0.053,0.1156,0.1107,0.03151,2.83,4.05,1.57,1.92,2.7700000000000005,1.03,4.062,5.146,2.945,0.095,0.136,0.052,42.4,28.459999999999997,56.77,0.0,2263.0,0.3977,0.3242,0.0410959,20.48,25.05,15.76,6.92,9.13,4.64,1.127,1.427,0.817,30.5,23.1,0.747,0.8489,2.371,0.051395,0.1855264893559998
78,7.894690850425624,0.10619999999999999,0.247626,0.037392,0.12099999999999998,0.175,0.063,0.96,1.0,0.78,0.43,0.57,0.28,7.540000000000001,0.077,4.074141854904581,0.0345,7.672,0.125,0.1433,0.0361,0.0352,0.11400000000000002,0.1834,0.1304,0.01,2.74,4.45,1.01,1.83,3.03,0.61,2.278,3.5340000000000003,1.017,0.091,0.15,0.033,62.25000000000001,41.99,82.57,0.3,7438.0,0.2487,0.4818,0.0369723,7.099999999999999,11.01,3.17,3.46,5.45,1.4699999999999998,0.481,0.761,0.2,33.8,19.6,0.0797,0.1018,3.017,0.207492,0.0931049128160002
79,7.175489713624222,0.0,0.179933,0.046376,0.035,0.04,0.027,0.83,0.82,0.81,0.26,0.28,0.23,4.5,0.06,4.104294893075269,0.029200000000000004,4.948,0.096,0.19124,0.0305,0.0223,0.032,0.1055,0.11700000000000002,0.06266,1.8,2.31,1.32,1.8,2.3,1.31,3.764,4.329,3.2260000000000004,0.072,0.092,0.053,28.75,22.18,35.0,0.2,41359.0,0.4964,0.4215,0.0299088,5.59,7.85,3.43,1.87,2.55,1.23,0.332,0.451,0.219,27.9,27.199999999999996,0.0636,0.0721,20.379,0.018019,0.0652285602560001
80,9.03097444300786,0.0,0.293138,0.005517,0.245,0.251,0.238,1.0,1.0,1.0,0.82,0.82,0.85,1.9299999999999997,0.014000000000000002,4.293195420967266,0.007499999999999999,2.374,0.026,0.29424,0.0442,0.0304,0.039,0.1537,0.1216,0.05199,4.97,6.87,3.25,2.55,3.99,1.23,5.223,5.363,5.096,0.15,0.217,0.09,0.8600000000000001,0.85,0.88,0.00197,52699.0,0.4278,0.2351,0.1347464,15.66,14.300000000000002,16.9,6.419999999999999,5.23,7.5,1.167,1.21,1.128,22.5,15.5,0.1662,0.1617,4.286,-0.006642,0.0380950234780002
81,8.995536944936974,0.0,0.30472,0.011658,0.246,0.26,0.19,1.0,1.0,1.0,0.42,0.42,0.42,1.45,0.02,4.2710950739666,0.0038,1.7419999999999998,0.029,0.30212,0.0426,0.032,0.034,0.1733,0.1516,0.08538,5.5,8.46,3.0,3.12,5.15,1.4,8.208,8.57,7.903,0.172,0.272,0.088,0.6,0.48,0.7,0.004845,61829.00000000001,0.4466,0.2034,0.1445438,15.6,15.129999999999999,15.999999999999998,6.75,6.759999999999999,6.75,0.667,0.776,0.575,23.499999999999996,15.0,0.2597,0.2288,2.46,-0.003241,0.03421300204800004
82,8.234830280442056,0.0363,0.288405,0.011589,0.183,0.22200000000000003,0.142,1.0,1.0,1.0,0.78,0.87,0.69,2.36,0.024,4.289088639014612,0.0057,2.326,0.039,0.35272,0.018,0.0158,0.045,0.1251,0.1259,0.06501,5.44,7.97,3.16,5.22,7.599999999999999,3.08,5.849,6.603,5.17,0.213,0.311,0.125,13.68,5.66,20.89,0.1,9047.0,0.391,0.2382,0.122361,14.43,16.17,12.870000000000001,8.36,8.56,8.18,1.01,1.22,0.8210000000000001,30.2,28.3,0.1044,0.1796,32.051,-0.034352,0.05275913771600016
83,8.332548939252638,0.0,0.345485,0.006503,0.188,0.248,0.136,1.0,1.0,1.0,0.86,0.85,0.92,3.39,0.018,4.272490747605575,0.0148,3.81,0.029,0.28634,0.0499,0.0421,0.014999999999999998,0.1664,0.1681,0.11142,5.72,7.180000000000001,4.32,3.24,4.52,2.02,6.729,6.806,6.656,0.179,0.23400000000000004,0.127,3.11,3.09,3.14,0.032,3177.0,0.3744,0.3088,0.1101668,28.67,26.18,31.070000000000004,12.420000000000002,11.689999999999998,13.12,1.576,1.567,1.585,30.999999999999996,14.299999999999999,0.2866,0.35,0.452,-0.00166,0.03841563813399995
84,8.645586406184636,0.0,0.28844,0.005995,0.256,0.301,0.199,1.0,1.0,1.0,0.6999999999999998,0.75,0.66,2.19,0.021,4.28496492183075,0.0065,2.366,0.041,0.26852,0.0392,0.0363,0.028999999999999998,0.1378,0.1465,0.08144,4.27,5.94,2.76,2.42,3.67,1.29,5.314,5.788,4.887,0.134,0.192,0.081,6.43,4.91,7.820000000000001,0.0,55441.0,0.3867,0.23109999999999997,0.1204524,19.02,21.81,16.5,7.89,8.98,6.91,1.307,1.579,1.062,18.9,11.3,0.1296,0.1458,652.85,-0.046278,0.0318947902340001
85,8.991064332188461,0.0,0.371898,0.014586000000000002,0.255,0.336,0.17,0.9799999999999999,0.99,1.0,0.88,0.9199999999999999,0.85,1.6699999999999997,0.011,4.309455941839047,0.0094,2.168,0.017,0.29184,0.0748,0.05990000000000001,0.034,0.1577,0.12329999999999999,0.02952,9.07,12.59,5.7,5.14,7.74,2.66,7.8950000000000005,8.401,7.414,0.284,0.407,0.167,0.0,0.0,0.0,0.0,13653.0,0.3714,0.24629999999999996,0.10788840000000001,45.15,47.53,42.87,10.92,10.4,11.41,2.226,2.494,1.971,27.5,15.9,0.4407,0.4257,2.529,-0.011883,0.0311959848279999
86,8.025189321890835,0.005,0.296437,0.013614999999999999,0.10799999999999998,0.117,0.093,1.0,1.0,0.96,0.53,0.53,0.52,2.52,0.039,4.232656178019613,0.0083,2.702,0.078,0.26508,0.0194,0.0175,0.069,0.1353,0.1436,0.05671,2.11,3.0900000000000003,1.32,1.0,1.69,0.44,2.068,2.581,1.6570000000000003,0.062000000000000006,0.096,0.035,51.75,42.98,58.77,0.3,9093.0,0.407,0.2712,0.0987573,6.17,8.11,4.62,2.67,3.58,1.9500000000000002,0.51,0.694,0.362,20.2,15.7,0.1669,0.2201,25.553000000000004,-0.03908,0.03409565616199983
87,9.03013657115323,0.0,0.265778,0.008629,0.288,0.337,0.237,1.0,1.0,0.95,0.78,0.75,0.82,1.78,0.009,4.31748811353631,0.0037,1.924,0.015,0.26198,0.0723,0.0687,0.036,0.2272,0.2563,0.15135,9.9,10.96,8.88,5.61,7.14,4.15,7.896,7.853999999999999,7.935,0.31,0.362,0.26,1.37,1.51,1.23,0.0,8193.0,0.4808,0.2018,0.1511046,35.7,33.26,38.04,24.089999999999996,22.48,25.64,2.727,2.664,2.788,20.4,9.4,0.3238,0.3134,4.152,0.005175,0.046900462283000044
88,8.86531163267185,0.0,0.282939,0.005048,0.188,0.236,0.139,1.0,1.0,1.0,0.83,0.82,0.83,1.8,0.016,4.282206299391671,0.0026,2.2,0.022,0.20382,0.0514,0.0404,0.05,0.181,0.21010000000000004,0.11971,11.0,14.360000000000001,8.0,6.24,9.04,3.7399999999999998,8.166,8.28,8.065,0.345,0.4680000000000001,0.23500000000000001,0.96,2.04,0.0,0.10355500000000001,56226.0,0.4645,0.2246,0.1395084,32.57,29.58,35.24,8.37,5.7,10.76,1.888,1.92,1.86,20.0,16.0,0.1845,0.194,0.452,-0.029551,0.039773372204000124
89,8.912338567117548,0.0,0.150366,0.024377,0.257,0.338,0.215,1.0,1.0,1.0,0.81,0.83,0.81,2.33,0.016,4.278054044290903,0.0181,2.914,0.021,0.23996,0.0514,0.042,0.018,0.1319,0.20759999999999998,0.14716,20.1,23.97,16.4,7.74,9.52,6.04,11.158,11.535,10.798,0.557,0.67,0.449,0.67,0.66,0.67,0.0,3083.0,0.3922,0.2911,0.0869283,57.1,56.37,57.8,24.719999999999995,25.069999999999997,24.4,3.0510000000000006,3.235,2.875,18.5,29.099999999999998,0.1876,0.2007,0.886,-0.036482,0.04064153813000004
